login,name,company,location,email,hireable,bio,public_repos,followers,following,created_at
huggingface,,,,,,,0,0,0,
brunosimon,,,,,,,0,0,0,
fabpot,,,,,,,0,0,0,
Charles-Chrismann,,,,,,,0,0,0,
posva,,,,,,,0,0,0,
ogrisel,,,,,,,0,0,0,
florent37,,,,,,,0,0,0,
juliangarnier,,,,,,,0,0,0,
lewagon,,,,,,,0,0,0,
ocornut,,,,,,,0,0,0,
merveenoyan,,,,,,,0,0,0,
oliviertassinari,,,,,,,0,0,0,
HoussemDellai,,,,,,,0,0,0,
cyrildiagne,,,,,,,0,0,0,
gwen001,,,,,,,0,0,0,
mblondel,,,,,,,0,0,0,
BartoszMilewski,,,,,,,0,0,0,
StanGirard,,,,,,,0,0,0,
LaurentMazare,,,,,,,0,0,0,
stof,,,,,,,0,0,0,
rom1504,,,,,,,0,0,0,
donho,,,,,,,0,0,0,
gregberge,,,,,,,0,0,0,
strapi,,,,,,,0,0,0,
nicolas-grekas,,,,,,,0,0,0,
gre,,,,,,,0,0,0,
emilwallner,,,,,,,0,0,0,
4ian,,,,,,,0,0,0,
robbiebarrat,,,,,,,0,0,0,
slorber,,,,,,,0,0,0,
arcanis,,,,,,,0,0,0,
FaridSafi,,,,,,,0,0,0,
GitSquared,,,,,,,0,0,0,
angristan,,,,,,,0,0,0,
Papillard,,,,,,,0,0,0,
AEFaour,,,,,,,0,0,0,
LysandreJik,,,,,,,0,0,0,
anisayari,,,,,,,0,0,0,
VincentGarreau,,,,,,,0,0,0,
castorflex,,,,,,,0,0,0,
Genymobile,,,,,,,0,0,0,
GuillaumeGomez,,,,,,,0,0,0,
gpeyre,,,,,,,0,0,0,
Unitech,,,,,,,0,0,0,
agoncal,,,,,,,0,0,0,
agramfort,,,,,,,0,0,0,
JosePaumard,,,,,,,0,0,0,
aaugustin,,,,,,,0,0,0,
Kakise,,,,,,,0,0,0,
rom1v,,,,,,,0,0,0,
nadimkobeissi,,,,,,,0,0,0,
vincentbernat,,,,,,,0,0,0,
groue,,,,,,,0,0,0,
dimitri,,,,,,,0,0,0,
Bleuje,,,,,,,0,0,0,
revolunet,,,,,,,0,0,0,
r4j0x00,,,,,,,0,0,0,
Cadene,,,,,,,0,0,0,
zama-ai,,,,,,,0,0,0,
glample,,,,,,,0,0,0,
lopspower,,,,,,,0,0,0,
rossant,,,,,,,0,0,0,
lroudge,,,,,,,0,0,0,
42School,,,,,,,0,0,0,
ahmedbesbes,,,,,,,0,0,0,
simoninithomas,,,,,,,0,0,0,
antonioribeiro,,,,,,,0,0,0,
andrewssobral,,,,,,,0,0,0,
SylvainCorlay,,,,,,,0,0,0,
mratsim,,,,,,,0,0,0,
guillaumekln,,,,,,,0,0,0,
Robpayot,,,,,,,0,0,0,
Shipow,,,,,,,0,0,0,
simple-login,,,,,,,0,0,0,
mbeaudru,,,,,,,0,0,0,
arv,,,,,,,0,0,0,
mgcrea,,,,,,,0,0,0,
GravenilvecTV,,,,,,,0,0,0,
Hackndo,,,,,,,0,0,0,
patrickheng,,,,,,,0,0,0,
eliemichel,,,,,,,0,0,0,
bzg,,,,,,,0,0,0,
glemaitre,,,,,,,0,0,0,
xavierleroy,,,,,,,0,0,0,
mlabouardy,,,,,,,0,0,0,
lyrixx,,,,,,,0,0,0,
MysteriousSonOfGod,,,,,,,0,0,0,
tdd,,,,,,,0,0,0,
openfoodfacts,,,,,,,0,0,0,
dgageot,,,,,,,0,0,0,
ibelick,,,,,,,0,0,0,
ArthurSonzogni,,,,,,,0,0,0,
ANSSI-FR,,,,,,,0,0,0,
zoontek,,,,,,,0,0,0,
nkallen,,,,,,,0,0,0,
JoanZapata,,,,,,,0,0,0,
stephane-caron,,,,,,,0,0,0,
vdemeester,,,,,,,0,0,0,
andrewmd5,,,,,,,0,0,0,
nabla-c0d3,,,,,,,0,0,0,
fraxken,,,,,,,0,0,0,
davidebbo,,,,,,,0,0,0,
guillaumegenthial,,,,,,,0,0,0,
steeve,,,,,,,0,0,0,
cjdelisle,,,,,,,0,0,0,
pgrimaud,,,,,,,0,0,0,
DoubangoTelecom,,,,,,,0,0,0,
mcombeau,,,,,,,0,0,0,
teh-cmc,,,,,,,0,0,0,
alelievr,,,,,,,0,0,0,
0intro,,,,,,,0,0,0,
Haroenv,,,,,,,0,0,0,
KOUISAmine,,,,,,,0,0,0,
cderv,,,,,,,0,0,0,
samirsaci,,,,,,,0,0,0,
Orange-OpenSource,,,,,,,0,0,0,
lovasoa,,,,,,,0,0,0,
davidgohel,,,,,,,0,0,0,
forax,,,,,,,0,0,0,
helaili,,,,,,,0,0,0,
baptisteArno,,,,,,,0,0,0,
acids-ircam,,,,,,,0,0,0,
Litarvan,,,,,,,0,0,0,
Kerollmops,,,,,,,0,0,0,
Wenzel,,,,,,,0,0,0,
vinayak-mehta,,,,,,,0,0,0,
koutto,,,,,,,0,0,0,
augustin7698,,,,,,,0,0,0,
guillaumebort,,,,,,,0,0,0,
glaforge,,,,,,,0,0,0,
samhocevar,,,,,,,0,0,0,
marcomiduri,,,,,,,0,0,0,
spolu,,,,,,,0,0,0,
traex,,,,,,,0,0,0,
42Paris,,,,,,,0,0,0,
briatte,,,,,,,0,0,0,
beyhosni,,,,,,,0,0,0,
LukyVj,,,,,,,0,0,0,
sofienkaabar,,,,,,,0,0,0,
superguigui,,,,,,,0,0,0,
sebsto,,,,,,,0,0,0,
hadrienj,,,,,,,0,0,0,
synacktiv,,,,,,,0,0,0,
SimonMarquis,,,,,,,0,0,0,
arnaud-lb,,,,,,,0,0,0,
d0iasm,,,,,,,0,0,0,
Nilhcem,,,,,,,0,0,0,
TerrorJack,,,,,,,0,0,0,
leon196,,,,,,,0,0,0,
samoht,,,,,,,0,0,0,
celine-m-s,,,,,,,0,0,0,
romainl,,,,,,,0,0,0,
eliasdorneles,,,,,,,0,0,0,
PrestaShop,,,,,,,0,0,0,
padenot,,,,,,,0,0,0,
tobozo,,,,,,,0,0,0,
roubachof,,,,,,,0,0,0,
gpakosz,,,,,,,0,0,0,
pommedeterresautee,,,,,,,0,0,0,
Eschults,,,,,,,0,0,0,
lhoestq,,,,,,,0,0,0,
damienvanrobaeys,,,,,,,0,0,0,
guenchi,,,,,,,0,0,0,
hhamon,,,,,,,0,0,0,
rth,,,,,,,0,0,0,
mortendahl,,,,,,,0,0,0,
bloodyowl,,,,,,,0,0,0,
luislavena,,,,,,,0,0,0,
matt-42,,,,,,,0,0,0,
lukas-blecher,,,,,,,0,0,0,
louischatriot,,,,,,,0,0,0,
thoas,,,,,,,0,0,0,
martinbonnin,,,,,,,0,0,0,
alexattia,,,,,,,0,0,0,
lauriejim,,,,,,,0,0,0,
dmnsgn,,,,,,,0,0,0,
CathyDolle,,,,,,,0,0,0,
arthurmensch,,,,,,,0,0,0,
garronej,,,,,,,0,0,0,
muzixing,,,,,,,0,0,0,
42-AI,,,,,,,0,0,0,
atoulmet,,,,,,,0,0,0,
JulienPalard,,,,,,,0,0,0,
RobinDavid,,,,,,,0,0,0,
jfmengels,,,,,,,0,0,0,
Kehrlann,,,,,,,0,0,0,
emmanuelbernard,,,,,,,0,0,0,
diegoalejogm,,,,,,,0,0,0,
JCluzet,,,,,,,0,0,0,
guillaumeduhan,,,,,,,0,0,0,
nox,,,,,,,0,0,0,
Plailect,,,,,,,0,0,0,
ClementPinard,,,,,,,0,0,0,
marcgg,,,,,,,0,0,0,
redox,,,,,,,0,0,0,
RLesur,,,,,,,0,0,0,
jegou,,,,,,,0,0,0,
yannickcr,,,,,,,0,0,0,
DWS-paris,,,,,,,0,0,0,
floswald,,,,,,,0,0,0,
fyhertz,,,,,,,0,0,0,
sunny,,,,,,,0,0,0,
johnvuko,,,,,,,0,0,0,
doctolib,,,,,,,0,0,0,
maziyarpanahi,,,,,,,0,0,0,
nicoptere,,,,,,,0,0,0,
Synacktiv-contrib,,,,,,,0,0,0,
initml,,,,,,,0,0,0,
MinaPecheux,,,,,,,0,0,0,
MathisHammel,,,,,,,0,0,0,
xroche,,,,,,,0,0,0,
w8r,,,,,,,0,0,0,
stephomi,,,,,,,0,0,0,
mdouze,,,,,,,0,0,0,
albertvillanova,,,,,,,0,0,0,
Kumar-laxmi,,,,,,,0,0,0,
sebanc,,,,,,,0,0,0,
alexarchambault,,,,,,,0,0,0,
rozierguillaume,,,,,,,0,0,0,
mangui,,,,,,,0,0,0,
jbilcke-hf,,,,,,,0,0,0,
mckenziearts,,,,,,,0,0,0,
Snaipe,,,,,,,0,0,0,
apierr,,,,,,,0,0,0,
patcito,,,,,,,0,0,0,
hamzaalalach,,,,,,,0,0,0,
delba,,,,,,,0,0,0,
bfontaine,,,,,,,0,0,0,
kelu124,,,,,,,0,0,0,
fxcoudert,,,,,,,0,0,0,
juliensimon,,,,,,,0,0,0,
guillaumepotier,,,,,,,0,0,0,
jagracey,,,,,,,0,0,0,
vadimkantorov,,,,,,,0,0,0,
mquandalle,,,,,,,0,0,0,
anton-l,,,,,,,0,0,0,
felhix,,,,,,,0,0,0,
NouamaneTazi,,,,,,,0,0,0,
alexandregv,,,,,,,0,0,0,
toufik-airane,,,,,,,0,0,0,
claudiodangelis,,,,,,,0,0,0,
nono,,,,,,,0,0,0,
Jguer,,,,,,,0,0,0,
jmfayard,,,,,,,0,0,0,
thisoverride,,,,,,,0,0,0,
charlesBochet,,,,,,,0,0,0,
raphaelbastide,,,,,,,0,0,0,
nebrass,,,,,,,0,0,0,
peeweek,,,,,,,0,0,0,
pvictor,,,,,,,0,0,0,
NiLuJe,,,,,,,0,0,0,
gabrieldemarmiesse,,,,,,,0,0,0,
julien-deramond,,,,,,,0,0,0,
The-AI-Summer,,,,,,,0,0,0,
nvuillam,,,,,,,0,0,0,
red0xff,,,,,,,0,0,0,
TheHive-Project,,,,,,,0,0,0,
krokrob,,,,,,,0,0,0,
cjbrigato,,,,,,,0,0,0,
pmdartus,,,,,,,0,0,0,
sdpython,,,,,,,0,0,0,
loubnabnl,,,,,,,0,0,0,
randorisec,,,,,,,0,0,0,
DjebbZ,,,,,,,0,0,0,
slandelle,,,,,,,0,0,0,
SRombauts,,,,,,,0,0,0,
skarnet,,,,,,,0,0,0,
alexis-jacq,,,,,,,0,0,0,
julien-duponchelle,,,,,,,0,0,0,
aymanfarhat,,,,,,,0,0,0,
pirhoo,,,,,,,0,0,0,
tommybuonomo,,,,,,,0,0,0,
mauricesvay,,,,,,,0,0,0,
AdaCore,,,,,,,0,0,0,
deiu,,,,,,,0,0,0,
mandubian,,,,,,,0,0,0,
rCarto,,,,,,,0,0,0,
mfuntowicz,,,,,,,0,0,0,
adrienjoly,,,,,,,0,0,0,
elbywan,,,,,,,0,0,0,
ericbottard,,,,,,,0,0,0,
nhoizey,,,,,,,0,0,0,
retkowsky,,,,,,,0,0,0,
hill-a,,,,,,,0,0,0,
alexkirsz,,,,,,,0,0,0,
rubenfiszel,,,,,,,0,0,0,
fedihamdi,,,,,,,0,0,0,
jderusse,,,,,,,0,0,0,
louisabraham,,,,,,,0,0,0,
pierreguillot,,,,,,,0,0,0,
hai-vr,,,,,,,0,0,0,
baptadn,,,,,,,0,0,0,
jilljenn,,,,,,,0,0,0,
SalomonBrys,,,,,,,0,0,0,
ramnes,,,,,,,0,0,0,
EiffL,,,,,,,0,0,0,
fdv,,,,,,,0,0,0,
gquere,,,,,,,0,0,0,
l-lin,,,,,,,0,0,0,
cquest,,,,,,,0,0,0,
tericcabrel,,,,,,,0,0,0,
joshed-io,,,,,,,0,0,0,
avidale,,,,,,,0,0,0,
mbrossar,,,,,,,0,0,0,
geowarin,,,,,,,0,0,0,
ksator,,,,,,,0,0,0,
arthaud,,,,,,,0,0,0,
pventuzelo,,,,,,,0,0,0,
joeybronner,,,,,,,0,0,0,
DocstringFr,,,,,,,0,0,0,
eunjae-lee,,,,,,,0,0,0,
JohanMabille,,,,,,,0,0,0,
Lyokone,,,,,,,0,0,0,
cedricpinson,,,,,,,0,0,0,
erebe,,,,,,,0,0,0,
axelor,,,,,,,0,0,0,
guedou,,,,,,,0,0,0,
kingjr,,,,,,,0,0,0,
avivace,,,,,,,0,0,0,
pulgamecanica,,,,,,,0,0,0,
NTag,,,,,,,0,0,0,
astefanutti,,,,,,,0,0,0,
noirbizarre,,,,,,,0,0,0,
clarus,,,,,,,0,0,0,
ArnaudBarre,,,,,,,0,0,0,
arguiot,,,,,,,0,0,0,
travier,,,,,,,0,0,0,
vrabaud,,,,,,,0,0,0,
marvinroger,,,,,,,0,0,0,
valeoai,,,,,,,0,0,0,
chiptune,,,,,,,0,0,0,
caillonantoine,,,,,,,0,0,0,
BillelBenoudjit,,,,,,,0,0,0,
greg0ire,,,,,,,0,0,0,
BlackIQ,,,,,,,0,0,0,
Profpatsch,,,,,,,0,0,0,
veracrypt,,,,,,,0,0,0,
xldenis,,,,,,,0,0,0,
raphaelameaume,,,,,,,0,0,0,
blanklob,,,,,,,0,0,0,
mremond,,,,,,,0,0,0,
buybackoff,,,,,,,0,0,0,
Fantomas42,,,,,,,0,0,0,
deezer,,,,,,,0,0,0,
adrienverge,,,,,,,0,0,0,
jdesboeufs,,,,,,,0,0,0,
JanGorman,,,,,,,0,0,0,
greeeg,,,,,,,0,0,0,
hugoam,,,,,,,0,0,0,
leoetlino,,,,,,,0,0,0,
woctezuma,,,,,,,0,0,0,
charlypoly,,,,,,,0,0,0,
QuentinPerez,,,,,,,0,0,0,
Abonia1,,,,,,,0,0,0,
beauby,,,,,,,0,0,0,
ismail1432,,,,,,,0,0,0,
Peltoche,,,,,,,0,0,0,
azerpas,,,,,,,0,0,0,
JulienBreux,,,,,,,0,0,0,
mincong-h,,,,,,,0,0,0,
Stephane-D,,,,,,,0,0,0,
scolladon,,,,,,,0,0,0,
frgfm,,,,,,,0,0,0,
gvarisco,,,,,,,0,0,0,
jcarpent,,,,,,,0,0,0,
thinkbeforecoding,,,,,,,0,0,0,
rishistyping,,,,,,,0,0,0,
despoisj,,,,,,,0,0,0,
xordoquy,,,,,,,0,0,0,
MattKetmo,,,,,,,0,0,0,
armel,,,,,,,0,0,0,
mishig25,,,,,,,0,0,0,
tdimnet,,,,,,,0,0,0,
zaeph,,,,,,,0,0,0,
WissamAntoun,,,,,,,0,0,0,
axeldelafosse,,,,,,,0,0,0,
julienXX,,,,,,,0,0,0,
iamvdo,,,,,,,0,0,0,
mica16,,,,,,,0,0,0,
neocarto,,,,,,,0,0,0,
ydshieh,,,,,,,0,0,0,
amineHorseman,,,,,,,0,0,0,
pthom,,,,,,,0,0,0,
